;1;Filtr do odkurzacza Karcher K 2201;Odkurzacze przemysłowe;59.99zł;4;;1;;;;;;;;4ekTech;;;;0;;;;;;;6;1;0;0;;0;;;;"<div class=""resetcss"" itemprop=""description""><div id=""user_opis_produktu"">
<div class=""f-row"">
<div class=""f-grid-12 naglowek_opis"">Nazwa produktu</div>
</div>
<div class=""f-row"">
<div class=""f-grid-6"">
<h2>Filtr do odkurzacza Karcher K 2201</h2>
</div>
<div class=""f-grid-6""></div>
</div>
<div class=""f-row"">
<div class=""f-grid-12 naglowek_opis"">Opis produktu</div>
</div>
<div class=""f-row"">
<div class=""f-grid-6""></div>
<div class=""f-grid-6"">
<p style=""text-align: left;"">Filtr odkurzacza wyróżnia się doskonałą jakością i trwałością, co czyni go szczególnie polecanym dla osób borykających się z alergią. Dzięki efektywnemu procesowi filtracji znacząco poprawia jakość powietrza w Twoim domu. Filtr eliminuje nieprzyjemne zapachy. Co istotne, produkt <strong>można łatwo samodzielnie umyć pod bieżącą wodą</strong>, co znacząco wydłuża jego trwałość.</p>
</div>
</div>
<div class=""f-row"">
<div class=""f-grid-12 naglowek_opis"">Specyfikacja techniczna</div>
</div>
<div class=""f-row"">
<div class=""f-grid-6"">
<ul>
<li>Typ:<strong> Filtr cylindryczny<br/></strong></li>
<li>Szerokość:<strong>190 [mm]<br/></strong></li>
<li>Długość:<strong> <strong>190 [mm]</strong><br/></strong></li>
<li>Wysokość:<strong> <strong>190 [mm]</strong><br/></strong></li>
<li><strong>Filtr zmywalny<br/></strong></li>
<li>Średnica wewnętrzna: <strong>190 [mm]</strong></li>
</ul>
</div>
<div class=""f-grid-6""></div>
</div>
<div class=""f-row"">
<div class=""f-grid-12 naglowek_opis"">Więcej informacji</div>
</div>
<div class=""f-row"">
<div class=""f-grid-6"">
<p><strong>NAJWIĘKSZE ZALETY NASZYCH FILTRÓW:</strong></p>
<ul>
<li>Perfekcyjna jakość wykonania </li>
<li>Wysoka jakość użytych materiałów</li>
<li>Tysiące zadowolonych klientów</li>
<li>Doskonała filtracja </li>
<li>Skutecznie chroni silnik odkurzacza - długa żywotność</li>
<li>Filtracja do 99,97 % zanieczyszczeń</li>
</ul>
</div>
<div class=""f-grid-6"">
<p>PASUJE DO MODELI:</p>
<p><strong>KARCHER</strong></p>
<ul>
<li>Karcher 2001</li>
<li>Karcher BDP 55/1900 W BP</li>
<li>Karcher K 2201</li>
<li>Karcher K 2901</li>
<li>Karcher K 300</li>
<li>Karcher K 3000 PLUS</li>
<li>Karcher NT 211</li>
<li>Karcher NT 251</li>
<li>Karcher NT 301</li>
</ul>
<p>Alternatywa oryginalnego numeru : <strong>6.414-354.0</strong></p>
</div>
</div>
</div></div>";;Filtr do odkurzacza Karcher K 2201;Filtr do odkurzacza Karcher K 2201;Filtr do odkurzacza Karcher K 2201;Filtr do odkurzacza Karcher K 2201;in stock;Current supply. Ordering availlable;1;;;1;../../images_low/Filtr do odkurzacza Karcher K 2201.jpg,../../images_high/Filtr do odkurzacza Karcher K 2201.jpg;Filtr do odkurzacza Karcher K 2201,Filtr do odkurzacza Karcher K 2201;1;;0;new;0;0;0;0;0;;;;;0;0;0;0;
;1;Worki do odkurzacza Festool SC-FIS-CT Mini / Midi-2 5 Sztuk;Odkurzacze przemysłowe;35.99zł;4;;1;;;;;;;;Worki4You;;;;0;;;;;;;10;1;0;0;;0;;;;"<div class=""resetcss"" itemprop=""description""><div id=""user_opis_produktu"">
<div class=""f-row"">
<div class=""f-grid-12 naglowek_opis"">Nazwa produktu</div>
</div>
<div class=""f-row"">
<h2 class=""f-grid-6""><span style=""font-size: 18pt;"">WORKI FESTOOL MINI 2 MIDI 2</span></h2>
<div class=""f-grid-6""></div>
</div>
<div class=""f-row"">
<div class=""f-grid-12 naglowek_opis"">Opis worków</div>
</div>
<div class=""f-row"">
<div class=""f-grid-6""></div>
<div class=""f-grid-6"">
<p style=""text-align: left;""><strong>Worki</strong> z mikrowłókna są wykonane z tworzywa sztucznego, hipoalergicznego.Charakteryzują się tym że są bardziej higieniczne, antybakteryjne dzięki czemu są bezpieczne w stosowaniu także przy małych dzieciach.Dzięki użytej technologii nowoczesnego mikrowłókna nasze worki są miękkie i wspaniale dopasowują się do wnętrza pojemnika odkurzacza zapełniając się do końca swojej pojemności.Zapewniają najwyższy poziom wytrzymałości, nawet gdy przez dłuższy czas będziemy odkurzali przy zapełnionym worku.</p>
</div>
</div>
<div class=""f-row"">
<div class=""f-grid-12 naglowek_opis"">Materiał worka</div>
</div>
<div class=""f-row"">
<div class=""f-grid-6"">
<p style=""text-align: left;""><strong>Mikrofibra</strong>, czyli materiał, z którego worek jest wykonany daje gwarancję trwałości i niezawodności. <strong>Mikrowłókna</strong> skutecznie eliminują kurz i szkodliwe alergeny. </p>
</div>
<div class=""f-grid-6""></div>
</div>
<div class=""f-row"">
<div class=""f-grid-12 naglowek_opis"">Brzegi worka</div>
</div>
<div class=""f-row"">
<div class=""f-grid-6""></div>
<div class=""f-grid-6"">
<p style=""text-align: left;"">Brzegi worka są <strong>zgrzewane</strong>, dzięki czemu worek jest wyjątkowo odporny na rozrywanie.</p>
</div>
</div>
<div class=""f-row"">
<div class=""f-row"">
<div class=""f-grid-12 naglowek_opis"">Specyfikacja techniczna</div>
</div>
<div class=""f-row"">
<div class=""f-grid-6"">
<p><strong>Specyfikacja techniczna worków:</strong></p>
<ul>
<li>Wysokość worka<strong> 60 [cm]</strong></li>
<li>Szerokość worka<strong> 26 [cm]</strong></li>
<li>Średnica wlotu<strong> 60 [mmm]</strong></li>
<li>Rodzaj mocowania: <strong>kartonik</strong></li>
<li>Kolor worka: <strong>biały</strong></li>
<li>Materiał: <strong>mikrofibra</strong></li>
<li>Typ: <strong>worki jednorazowe</strong></li>
<li>Rodzaj: <span style=""text-decoration: line-through;"">oryginał</span> / <strong>zamiennik</strong></li>
<li>Producent/dystrybutor: <strong>eOdkurzacz Polska</strong></li>
</ul>
</div>
<div class=""f-grid-6""></div>
</div>
<div class=""f-row"">
<div class=""f-grid-12 naglowek_opis"">Rysunek techniczny</div>
</div>
<div class=""f-row"">
<div class=""f-grid-12"" style=""text-align: center;""></div>
</div>
<div class=""f-row"">
<div class=""f-grid-12 naglowek_opis"">Pasują do</div>
</div>
<div class=""f-row"">
<div class=""f-grid-12"" style=""text-align: center;"">
<p style=""text-align: left;""><strong>PASUJĄ DO MODELI</strong></p>
<p style=""text-align: left;"">Naciśnij na klawiaturze Ctrl+F, a następnie wpisz model Twojego urządzenia lub produktu. Przeszukasz w ten sposób szybko listę kompatybilności znajdującą się poniżej.</p>
<p style=""text-align: left;""><strong>FESTOOL:</strong></p>
<ul style=""text-align: left;"">
<li>MINI-2</li>
<li>MIDI-2 </li>
</ul>
<p style=""text-align: left;""><strong>UWAGA! Worki nie nadają się do starszych modeli Festool Mini/Midi 2 poniżej 2019 roku produkcji! </strong></p>
<p style=""text-align: left;""><strong>ALTERNATYWA ORYGINALNYCH NUMERÓW:</strong></p>
<ul>
<li style=""text-align: left;"">SC-FIS-CT</li>
</ul>
</div>
</div>
</div>
</div></div>";;Worki do odkurzacza Festool SC-FIS-CT Mini / Midi-2 5 Sztuk;Worki do odkurzacza Festool SC-FIS-CT Mini / Midi-2 5 Sztuk;Worki do odkurzacza Festool SC-FIS-CT Mini / Midi-2 5 Sztuk;Worki do odkurzacza Festool SC-FIS-CT Mini / Midi-2 5 Sztuk;in stock;Current supply. Ordering availlable;1;;;1;../../images_low/Worki do odkurzacza Festool SC-FIS-CT Mini  Midi-2 5 Sztuk.jpg,../../images_high/Worki do odkurzacza Festool SC-FIS-CT Mini  Midi-2 5 Sztuk.jpg;Worki do odkurzacza Festool SC-FIS-CT Mini / Midi-2 5 Sztuk,Worki do odkurzacza Festool SC-FIS-CT Mini / Midi-2 5 Sztuk;1;;0;new;0;0;0;0;0;;;;;0;0;0;0;
;1;Filtr do odkurzacza Parkside PNTS 1400 1500 Metabo ASA 9001;Odkurzacze przemysłowe;40.00zł;4;;1;;;;;;;;4ekTech;;;;0;;;;;;;5;1;0;0;;0;;;;"<div class=""resetcss"" itemprop=""description""><div id=""user_opis_produktu"">
<div class=""f-row"">
<div class=""f-grid-12 naglowek_opis"">Nazwa produktu</div>
</div>
<div class=""f-row"">
<div class=""f-grid-6"">
<h2>Filtr do odkurzacza Parkside PNTS 1400 1500 Metabo ASA 9001</h2>
</div>
<div class=""f-grid-6""></div>
</div>
<div class=""f-row"">
<div class=""f-grid-12 naglowek_opis"">Opis produktu</div>
</div>
<div class=""f-row"">
<div class=""f-grid-6""></div>
<div class=""f-grid-6"">
<p><strong>Specyfikacja techniczna filtra:</strong></p>
<ul>
<li>Średnica wewnętrzna <strong>150 [mm]</strong></li>
<li>Średnica zewnętrzna<strong> 190 [mm]</strong></li>
<li>Wysokość wkładu <strong>166 [mm]</strong></li>
<li>Średnica wgłębienia <strong>68 [mm]</strong></li>
<li>Intensywna filtracja powietrza </li>
<li>Wkład <strong>zmywalny </strong></li>
<li><strong>Wbudowany spód nieprzelotowy </strong></li>
<li>Waga produktu<strong> 382 [g]</strong></li>
<li>Rodzaj: <span style=""text-decoration: line-through;"">oryginał</span> / <strong>zamiennik </strong></li>
</ul>
</div>
</div>
<div class=""f-row""> </div>
<div class=""f-row"">
<div class=""f-grid-12 naglowek_opis"">Więcej informacji</div>
</div>
<div class=""f-row"">
<div class=""f-grid-6"">
<p><strong>NAJWIĘKSZE ZALETY NASZYCH FILTRÓW:</strong></p>
<ul>
<li>Wysoka klasa filtracji</li>
<li>Perfekcyjna jakość wykonania</li>
<li>Wysoka klasa użytych materiałów</li>
<li>Gwarancja najwyższej jakości</li>
<li>Tysiące zadowolonych klientów</li>
<li>Posiadamy bardzo szeroki wybór naszych filtrów</li>
</ul>
</div>
<div class=""f-grid-6"">
<p>PASUJE DO MODELI:</p>
<ul>
<li><strong>EINHELL</strong> BT-VC1250SA</li>
<li><strong>METABO</strong> ASA 9001</li>
<li><strong>PARKSIDE</strong> PNTS 30/4(E/S), 30/6(E/S), 30/7(E/S), 30/8(E/S), 30/9(E/S), 35/5(E/S), 1300 (A1), 1400 (A1/B1/C1), 1500 (A1/B1/B2), ENZ. ENZ.</li>
<li><strong>ROWENTA</strong> BULLY</li>
<li><strong>FAM</strong> AQUAVAC</li>
<li><strong>TARRINGTON</strong> HOUSE WVC3500</li>
<li><strong>NEVAC</strong> PT4501, ENZ.</li>
</ul>
<p><strong>UWAGA WKŁAD FILTRA Z WBUDOWANYM SPODEM NIEPRZELOTOWYM !!! </strong></p>
</div>
</div>
</div></div>";;Filtr do odkurzacza Parkside PNTS 1400 1500 Metabo ASA 9001;Filtr do odkurzacza Parkside PNTS 1400 1500 Metabo ASA 9001;Filtr do odkurzacza Parkside PNTS 1400 1500 Metabo ASA 9001;Filtr do odkurzacza Parkside PNTS 1400 1500 Metabo ASA 9001;in stock;Current supply. Ordering availlable;1;;;1;../../images_low/Filtr do odkurzacza Parkside PNTS 1400 1500 Metabo ASA 9001.jpg,../../images_high/Filtr do odkurzacza Parkside PNTS 1400 1500 Metabo ASA 9001.jpg;Filtr do odkurzacza Parkside PNTS 1400 1500 Metabo ASA 9001,Filtr do odkurzacza Parkside PNTS 1400 1500 Metabo ASA 9001;1;;0;new;0;0;0;0;0;;;;;0;0;0;0;
;1;Odkurzacz cylindryczny HF6 Pro Eco Force z Turbo Szczotk;Odkurzacze przemysłowe;1679.99zł;4;;1;;;;;;;;-;;;;0;503;503;503;;;;1;1;0;0;;0;;;;"<div class=""resetcss"" itemprop=""description""><h2>Odkurzacz cylindryczny HF6 Pro Eco Force z turboszczotką</h2>
<p>Kompaktowy i lekki <strong>odkurzacz HF6 Pro Eco Force</strong> został wyposażony w wysoko wydajny silnik Rotafil. W urządzeniu można przechowywać zintegrowane akcesoria. 6-stopniowa filtracja z mikrofiltrem wylotowym 3M oraz opcjonalnie z filtrem HEPA. Filtr HEPA jest szczególnie przydatny w pomieszczeniach wymagających wyższej jakości powietrza, a używanie filtra aktywnego sprawdzi się w miejscach, gdzie wydzielają się przykre zapachy. Odkurzacz posiada funkcję zasysania i wydmuchu. Funkcja wydmuchu jest w standardzie i przydaje się do usuwania pyłu z trudno dostępnych miejsc. Klasa zużycia energii odkurzacza HF56 Pro Eco Force to A+. W urządzeniu znajduje się 14-litrowy worek filtracyjny z mikrofibry. Szybkozłącze zapewnia podłączenie elektrycznej szczotki. Cały wachlarz profesjonalnych akcesoriów można przechowywać w odkurzaczu. Dodatkowo odkurzacz został wyposażony w elektryczny wskaźnik, który informuje o zapełnieniu worka oraz zapewnia ochronę termiczną silnika.</p>
<p> </p>
<p><strong>SPECYFIKACJA TECHNICZNA</strong></p>
<ul>
<li>Moc odkurzacza: <strong>750 [W]</strong></li>
<li>Moc ssania: <strong>52 [l/s]</strong></li>
<li>Pojemność zbiornika: <strong>14 [l]</strong></li>
<li>Wydajność powierzchniowa: <strong>750 [m²/h]</strong></li>
<li>Długość kabla zasilającego: <strong>10 [m]</strong></li>
<li>Waga odkurzacza: <strong>6 [kg]</strong></li>
<li>Wymiary odkurzacza: <strong><strong>388 × 340 × 503</strong> [mm]</strong></li>
</ul>
<p><strong>ZALETY PRODUKTU</strong></p>
<ul>
<li>Kompaktowe rozmiary.</li>
<li>Niezawodny i wysokowydajny silnik Rotafil 750 W.</li>
<li>Wygodny schowek na akcesoria.</li>
<li>6-stopniowa filtracja.</li>
<li>Funkcja nadmuchu przydatna również w pompowaniu.</li>
<li>Duża pojemność zbiornika.</li>
<li>Szybkozłącze do podłączenia turbo szczotki.</li>
</ul>
<p><strong>ZASTOSOWANIE</strong></p>
<ul>
<li>Odkurzanie na sucho</li>
<li>Odkurzanie domu</li>
<li>Odkurzanie garażu</li>
<li>Odkurzanie w piwnicy</li>
<li>Odkurzanie tarasu</li>
<li>Odkurzanie podjazdu</li>
<li>Odkurzanie w pracy</li>
<li>Odkurzanie hoteli</li>
<li>Odkurzanie restauracji</li>
<li>Odkurzanie samochodu</li>
<li>Odkurzanie kafelek</li>
<li>Odkurzanie twardych podłóg</li>
<li>Odkurzanie schodów</li>
<li>Odkurzanie paneli</li>
<li>Odkurzanie wykładzin</li>
<li>Odkurzanie PCV</li>
<li>Odkurzanie dywanów</li>
<li>Odkurzanie kamiennych posadzek</li>
</ul></div>";;Odkurzacz cylindryczny HF6 Pro Eco Force z Turbo Szczotk;Odkurzacz cylindryczny HF6 Pro Eco Force z Turbo Szczotk;Odkurzacz cylindryczny HF6 Pro Eco Force z Turbo Szczotk;Odkurzacz cylindryczny HF6 Pro Eco Force z Turbo Szczotk;in stock;Current supply. Ordering availlable;1;;;1;../../images_low/Odkurzacz cylindryczny HF6 Pro Eco Force z Turbo Szczotk.jpg,../../images_high/Odkurzacz cylindryczny HF6 Pro Eco Force z Turbo Szczotk.jpg;Odkurzacz cylindryczny HF6 Pro Eco Force z Turbo Szczotk,Odkurzacz cylindryczny HF6 Pro Eco Force z Turbo Szczotk;1;power:Moc odkurzacza: 750 [W]:1;0;new;0;0;0;0;0;;;;;0;0;0;0;
;1;Odkurzacz Karcher NT 65/2 Ap;Odkurzacze przemysłowe;4735.50zł;4;;1;;;;;;;;Karcher;;;;0;920;920;920;;;;3;1;0;0;;0;;;;"<div class=""resetcss"" itemprop=""description""><h2>Odkurzacz Karcher NT 65/2 Ap</h2>
<p><strong>Uniwersalny odkurzacz Karcher NT 65/2 Ap</strong> został przeznaczony do profesjonalnego użytku i prac w trudnych warunkach. Zastosowanie płaskiego filtra falistego umożliwia zbieranie drobnego pyłu klasy M. Dzięki zastosowaniu systemu oczyszczania filtrów, siła ssania pozostaje niezmienna niezależnie od czasu użytkowania, co zapobiega rozregulowaniu siły ssącej nawet przy zatkanym filtrze. Półautomatyczne oczyszczanie filtra za pomocą przycisku na głowicy korzystnie wpływa na żywotność odkurzacza. Na wyposażeniu urządzenia znajduje się zbiornik z tworzywa sztucznego oraz olejoodporny wąż spustowy udogadniający opróżnianie zanieczyszczeń ze zbiornika prosto do kratki ściekowej. Dodatkowo praktyczna półka na akcesoria umożliwia wygodne przechowywanie narzędzi i butelek.</p>
<p> </p>
<p><strong>SPECYFIKACJA TECHNICZNA</strong></p>
<ul>
<li>Moc odkurzacza: <strong>27</strong><strong>60 [W]</strong></li>
<li>Pojemność plastikowego zbiornika: <strong>65 [l]</strong></li>
<li>Wydatek powietrza: <strong>2 x 74 [l/s]</strong></li>
<li>Podciśnienie: <strong>254/25,4 [mbar/kPa]</strong></li>
<li>Średnica znamionowa: <strong>ID/40</strong></li>
<li>Poziom mocy akustycznej: <strong>73 [dB (A)]</strong></li>
<li>Ilość faz: <strong>1 [~]</strong></li>
<li>Napięcie:<strong> 220 - 240 [V]</strong></li>
<li>Częstotliwość: <strong>50 - 60 [Hz]</strong></li>
<li>Długość węża ssącego: <strong>4 [m] </strong></li>
<li>Długość kabla zasilającego: <strong>10 [m]</strong></li>
<li>Zasięg odkurzacza: <strong>10 [m]</strong></li>
<li>Waga odkurzacza: <strong>20 [kg]</strong></li>
<li>Wymiary odkurzacza: <strong>600 x 480 x 920 [mm]</strong></li>
</ul>
<p><strong>ZALETY PRODUKTU</strong></p>
<ul>
<li>Wydajny, a zarazem cichy system półautomatycznego czyszczenia filtra Ap.</li>
<li>Stała siła ssąca.</li>
<li>Certyfikat dla klasy pyłów M.</li>
<li>Proste opróżnianie zbiornika wprost do kratki ściekowej.</li>
<li>Niewielki ciężar odkurzacza.</li>
<li>Schowek na kabel zasilający oraz akcesoria. </li>
<li>Wymienialne, ergonomiczne akcesoria do odkurzacza.</li>
</ul>
<p> </p>
<p><strong>WYPOSAŻENIE</strong></p>
<ul>
<li>Automatyczny wyłącznik w momencie maksymalnego zapełnienia zbiornika cieczą</li>
<li>Półautomatyczne oczyszczanie filtra</li>
<li>Listwa odbojowa</li>
<li>Uchwyt prowadzący</li>
<li>Klasa bezpieczeństwa: II</li>
<li>Kółko samonastawne z hamulcem</li>
<li>2 bezobsługowe turbiny</li>
<li>1 wąż ssący</li>
<li>1 wąż spustowy (olejoodporny)</li>
<li>2 rury ssące</li>
<li>1 ssawka podłogowa ze zmianą trybu pracy dywan/podłoga</li>
<li>1 ssawka szczelinowa</li>
<li>1 papierowy worek filtracyjny</li>
<li>1 płaski, papierowy filtr falisty</li>
<li>1 kolanko</li>
</ul>
<p><strong>ZASTOSOWANIE</strong></p>
<ul>
<li>Odkurzanie suchych powierzchni</li>
<li>Odkurzanie mokrych powierzchni</li>
<li>Odkurzanie kurzu</li>
<li>Odkurzanie drobnego pyłu klasy M</li>
<li>Odkurzanie cieczy</li>
<li>Odkurzanie w gastronomii</li>
<li>Odkurzanie w przemyśle</li>
<li>Odkurzanie w warsztacie</li>
<li>Odkurzanie w garażu</li>
<li>Odkurzanie w budownictwie</li>
<li>Odkurzanie po remoncie</li>
<li>Odkurzanie w branży motoryzacyjnej</li>
<li>Odkurzanie w branży transportowej</li>
</ul></div>";;Odkurzacz Karcher NT 65/2 Ap;Odkurzacz Karcher NT 65/2 Ap;Odkurzacz Karcher NT 65/2 Ap;Odkurzacz Karcher NT 65/2 Ap;in stock;Current supply. Ordering availlable;1;;;1;../../images_low/Odkurzacz Karcher NT 652 Ap.jpg,../../images_high/Odkurzacz Karcher NT 652 Ap.jpg;Odkurzacz Karcher NT 65/2 Ap,Odkurzacz Karcher NT 65/2 Ap;1;power:Moc odkurzacza: 2760 [W]:1;0;new;0;0;0;0;0;;;;;0;0;0;0;
;1;Odkurzacz szczotkowy Karcher CV 38/2;Odkurzacze przemysłowe;2878.20zł;4;;1;;;;;;;;Karcher;;;;0;1215;1215;1215;;;;7;1;0;0;;0;;;;"<div class=""resetcss"" itemprop=""description""><h2>Odkurzacz szczotkowy Karcher CV 38/2</h2>
<p><strong>Odkurzacz CV30/1</strong> przeznaczony jest do dogłębnego odkurzania dywanów i wykładzin. Skutecznie zbiera włosy i nici, które trudno usunąć za pomocą standardowego odkurzacza. Odkurzacz odrywa zabrudzenia od włókien dywanu oraz rozczesuje runo nadając świeży wygląd. Wysokość szczotki jest regulowana, dzięki czemu można ją dopasować do wysokości włókien dywanu. Wskaźnik napełnienia filtra informuje o zapchanym filtrze, co powoduje zmniejszenie siły ssącej w odkurzaczu. Wymiana części, kabla zasilającego i szczotki, jest szybka, ponieważ nie potrzeba używania narzędzi. </p>
<p> </p>
<p><strong>SPECYFIKACJA TECHNICZNA</strong></p>
<ul>
<li>Moc odkurzacza: <strong>850 [W]</strong></li>
<li>Moc turbiny: <strong>850 [W]</strong></li>
<li>Pojemność zbiornika: <strong>5,5 [l]</strong></li>
<li>Materiał zbiornika: <strong>elementy plastiku</strong></li>
<li>Podciśnienie: <strong>220/20 [mbar/kPA]</strong></li>
<li>Wydatek powietrza: <strong>40 [l/s]</strong></li>
<li>Napięcie:<strong> 220 - 240 [V]</strong></li>
<li>Częstotliwość: <strong>50 - 60 [Hz]</strong></li>
<li>Natężenie dźwięku: <strong>65 [db(A)]</strong></li>
<li>Długość kabla zasilającego: <strong>12 [m]</strong></li>
<li>Średnica akcesoriów: <strong>35 [mm]</strong></li>
<li>Waga odkurzacza: <strong>8,2 [kg]</strong></li>
<li>Wymiary odkurzacza: <strong><strong>370 × 390 × 1215</strong> [mm]</strong></li>
</ul>
<p><strong>ZALETY PRODUKTU</strong></p>
<ul>
<li>Dogłębne odkurzanie dywanów i wykładzin.</li>
<li>Idealne do zbierania włosów, sierści, igieł czy nici.</li>
<li>Usuwa zabrudzenia jednocześnie rozczesując runo.</li>
<li>Nadaje świeży i nowy wygląd.</li>
<li>Możliwość dopasowania szczotki do rodzaju sprzątanej powierzchni.</li>
<li>Szybka i prosta wymiana szczotki.</li>
</ul>
<p><strong>WYPOSAŻENIE</strong></p>
<ul>
<li>Wskaźnik napełnienia filtra</li>
<li>Regulacja wysokości uchwytu</li>
<li>1 rozciągliwy wąż ssący</li>
<li>1 odłączana rura ssąca</li>
<li>1 ssawka do tapicerki</li>
<li>1 ssawka szczelinowa</li>
<li>1 worek filtracyjny z mikrofibry</li>
<li>1 standardowa szczotka walcowa </li>
</ul>
<p><strong>ZASTOSOWANIE</strong></p>
<ul>
<li>Odkurzanie na sucho</li>
<li>Odkurzanie domu</li>
<li>Odkurzanie przedszkoli</li>
<li>Odkurzanie szkół</li>
<li>Odkurzanie hoteli</li>
<li>Odkurzanie restauracji</li>
<li>Odkurzanie przychodni lekarskich</li>
<li>Odkurzanie w pracy</li>
<li>Odkurzanie dywanów</li>
<li>Odkurzanie wykładzin dywanowych</li>
</ul></div>";;Odkurzacz szczotkowy Karcher CV 38/2;Odkurzacz szczotkowy Karcher CV 38/2;Odkurzacz szczotkowy Karcher CV 38/2;Odkurzacz szczotkowy Karcher CV 38/2;in stock;Current supply. Ordering availlable;1;;;1;../../images_low/Odkurzacz szczotkowy Karcher CV 382.jpg,../../images_high/Odkurzacz szczotkowy Karcher CV 382.jpg;Odkurzacz szczotkowy Karcher CV 38/2,Odkurzacz szczotkowy Karcher CV 38/2;1;power:Moc odkurzacza: 850 [W]:1;0;new;0;0;0;0;0;;;;;0;0;0;0;
;1;Odkurzacz uniwersalny NT 30/1 Ap L;Odkurzacze przemysłowe;2152.50zł;4;;1;;;;;;;;Karcher;;;;0;560;560;560;;;;8;1;0;0;;0;;;;"<div class=""resetcss"" itemprop=""description""><h2>Odkurzacz uniwersalny NT 30/1 Ap L</h2>
<p><strong>Odkurzacz uniwersalny Karcher NT 30/1 Ap L </strong>jest przeznaczony do użytku przez profesjonalistów. Odkurzacz umożliwia zbieranie pyłów klasy L, co potwierdza uzyskany certyfikat. Gwarantowany stopień separacji pyłu to 99% zgodny z normą EN 60335-2-69. Półautomatyczny system oczyszczania filtra zapewnia użytkownikowi jednostajną siłę ssania oraz ciągłość pracy. Dodatkowo system pracuje bardzo cicho i jest niezwykle wydajny. Ze względu na specjalną kasetę, przy wymianie płaskiego filtra falistego, operator odkurzacza jest nienarażony na kontakt z zanieczyszczeniami zebranymi podczas prac porządkowych. Filtr demontuje się bezpyłowo, a co więcej jest zabezpieczony przed niepoprawnym montażem filtra. Akcesoria, wąż i kabel zasilający można w łatwy sposób przechowywać na obudowie odkurzacza, a dzięki niewielkiej masie, odkurzacz jest niezmiernie łatwy w transporcie.</p>
<p><strong>SPECYFIKACJA TECHNICZNA</strong></p>
<ul>
<li>Moc odkurzacza: <strong>1380 [W]</strong></li>
<li>Pojemność plastikowego zbiornika: <strong>30 [l]</strong></li>
<li>Wydatek powietrza: <strong>74 [l/s]</strong></li>
<li>Podciśnienie: <strong>254/25,4 [mbar/kPa]</strong></li>
<li>Średnica znamionowa: <strong>ID/35</strong></li>
<li>Poziom mocy akustycznej: <strong>70 [dB (A)]</strong></li>
<li>Ilość faz: <strong>1 [~]</strong></li>
<li>Napięcie:<strong> 220 - 240 [V]</strong></li>
<li>Częstotliwość: <strong>50 - 60 [Hz]</strong></li>
<li>Długość węża ssącego: <strong>2,5 [m] </strong></li>
<li>Długość kabla zasilającego: <strong>7,5 [m]</strong></li>
<li>Waga odkurzacza: <strong>11,8 [kg]</strong></li>
<li>Wymiary odkurzacza: <strong>525 x 370 x 560 [mm]</strong></li>
</ul>
<p><strong>ZALETY PRODUKTU</strong></p>
<ul>
<li>Wydajny, a zarazem cichy system półautomatycznego czyszczenia filtra Ap.</li>
<li>Stała siła ssąca.</li>
<li>Certyfikat dla klasy pyłów L.</li>
<li>Separacja pyłu 99%.</li>
<li>Filtr znajduje się w specjalnej kasecie.</li>
<li>Brak kontakty z brudem przy wymianie filtra.</li>
<li>Niewielki ciężar odkurzacza.</li>
<li>Schowek na kabel zasilający oraz akcesoria. </li>
<li>Wymienialne, ergonomiczne akcesoria do odkurzacza.</li>
</ul>
<p><strong>WYPOSAŻENIE</strong></p>
<ul>
<li>Automatyczny wyłącznik w momencie maksymalnego zapełnienia zbiornika cieczą</li>
<li>Półautomatyczne oczyszczanie filtra</li>
<li>Klasa bezpieczeństwa: II</li>
<li>Kółko samonastawne z hamulcem</li>
<li>1 wąż ssący</li>
<li>2 rury ssące</li>
<li>1 ssawka podłogowa ze zmianą trybu pracy dywan/podłoga</li>
<li>1 ssawka szczelinowa</li>
<li>1 worek filtracyjny z mikrofibry</li>
<li>1 płaski, papierowy filtr falisty</li>
<li>1 kolanko</li>
</ul>
<p><strong>ZASTOSOWANIE</strong></p>
<ul>
<li>Odkurzanie suchych powierzchni</li>
<li>Odkurzanie mokrych powierzchni</li>
<li>Odkurzanie kurzu</li>
<li>Odkurzanie drobnego pyłu klasy L</li>
<li>Odkurzanie cieczy</li>
<li>Odkurzanie w gastronomii</li>
<li>Odkurzanie w przemyśle</li>
<li>Odkurzanie w warsztacie</li>
<li>Odkurzanie w garażu</li>
<li>Odkurzanie w budownictwie</li>
<li>Odkurzanie po remoncie</li>
<li>Odkurzanie w branży motoryzacyjnej</li>
<li>Odkurzanie w branży transportowej</li>
<li>Odkurzanie w hotelarstwie</li>
<li>Odkurzanie w restauracji</li>
</ul>
<p> </p></div>";;Odkurzacz uniwersalny NT 30/1 Ap L;Odkurzacz uniwersalny NT 30/1 Ap L;Odkurzacz uniwersalny NT 30/1 Ap L;Odkurzacz uniwersalny NT 30/1 Ap L;in stock;Current supply. Ordering availlable;1;;;1;../../images_low/Odkurzacz uniwersalny NT 301 Ap L.jpg,../../images_high/Odkurzacz uniwersalny NT 301 Ap L.jpg;Odkurzacz uniwersalny NT 30/1 Ap L,Odkurzacz uniwersalny NT 30/1 Ap L;1;power:Moc odkurzacza: 1380 [W]:1;0;new;0;0;0;0;0;;;;;0;0;0;0;
;1;Odkurzacz uniwersalny NT 40/1 Ap L;Odkurzacze przemysłowe;2288.00zł;4;;1;;;;;;;;Karcher;;;;0;630;630;630;;;;7;1;0;0;;0;;;;"<div class=""resetcss"" itemprop=""description""><h2>Odkurzacz uniwersalny NT 40/1 Ap L </h2>
<p><strong>Odkurzacz uniwersalny Karcher NT 40/1 Ap L </strong>jest przeznaczony do użytku przez profesjonalistów. Odkurzacz umożliwia zbieranie pyłów klasy L, co potwierdza uzyskany certyfikat. Gwarantowany stopień separacji pyłu to 99% zgodny z normą EN 60335-2-69. Półautomatyczny system oczyszczania filtra zapewnia użytkownikowi jednostajną siłę ssania oraz ciągłość pracy. Dodatkowo system pracuje bardzo cicho i jest niezwykle wydajny. Ze względu na specjalną kasetę, przy wymianie płaskiego filtra falistego, operator odkurzacza jest nienarażony na kontakt z zanieczyszczeniami zebranymi podczas prac porządkowych. Filtr demontuje się bezpyłowo, a co więcej jest zabezpieczony przed niepoprawnym montażem filtra. Akcesoria, wąż i kabel zasilający można w łatwy sposób przechowywać na obudowie odkurzacza, a dzięki niewielkiej masie, odkurzacz jest niezmiernie łatwy w transporcie.</p>
<p> </p>
<p><strong>SPECYFIKACJA TECHNICZNA</strong></p>
<ul>
<li>Moc odkurzacza: <strong>1380 [W]</strong></li>
<li>Pojemność plastikowego zbiornika: <strong>40 [l]</strong></li>
<li>Wydatek powietrza: <strong>74 [l/s]</strong></li>
<li>Podciśnienie: <strong>254/25,4 [mbar/kPa]</strong></li>
<li>Średnica znamionowa: <strong>ID/35</strong></li>
<li>Poziom mocy akustycznej: <strong>70 [dB (A)]</strong></li>
<li>Ilość faz: <strong>1 [~]</strong></li>
<li>Napięcie:<strong> 220 - 240 [V]</strong></li>
<li>Częstotliwość: <strong>50 - 60 [Hz]</strong></li>
<li>Długość węża ssącego: <strong>2,5 [m] </strong></li>
<li>Długość kabla zasilającego: <strong>7,5 [m]</strong></li>
<li>Waga odkurzacza: <strong>12,4 [kg]</strong></li>
<li>Wymiary odkurzacza: <strong>525 x 370 x 630 [mm]</strong></li>
</ul>
<p><strong>ZALETY PRODUKTU</strong></p>
<ul>
<li>Wydajny, a zarazem cichy system półautomatycznego czyszczenia filtra Ap.</li>
<li>Stała siła ssąca.</li>
<li>Certyfikat dla klasy pyłów L.</li>
<li>Separacja pyłu 99%.</li>
<li>Filtr znajduje się w specjalnej kasecie.</li>
<li>Brak kontakty z brudem przy wymianie filtra.</li>
<li>Niewielki ciężar odkurzacza.</li>
<li>Schowek na kabel zasilający oraz akcesoria. </li>
<li>Wymienialne, ergonomiczne akcesoria do odkurzacza.</li>
</ul>
<p><strong>WYPOSAŻENIE</strong></p>
<ul>
<li>Automatyczny wyłącznik w momencie maksymalnego zapełnienia zbiornika cieczą</li>
<li>Półautomatyczne oczyszczanie filtra</li>
<li>Klasa bezpieczeństwa: II</li>
<li>Kółko samonastawne z hamulcem</li>
<li>1 wąż ssący</li>
<li>2 rury ssące</li>
<li>1 ssawka podłogowa ze zmianą trybu pracy dywan/podłoga</li>
<li>1 ssawka szczelinowa</li>
<li>1 worek filtracyjny z mikrofibry</li>
<li>1 płaski, papierowy filtr falisty</li>
<li>1 kolanko</li>
</ul>
<p><strong>ZASTOSOWANIE</strong></p>
<ul>
<li>Odkurzanie suchych powierzchni</li>
<li>Odkurzanie mokrych powierzchni</li>
<li>Odkurzanie kurzu</li>
<li>Odkurzanie drobnego pyłu klasy L</li>
<li>Odkurzanie cieczy</li>
<li>Odkurzanie w gastronomii</li>
<li>Odkurzanie w przemyśle</li>
<li>Odkurzanie w warsztacie</li>
<li>Odkurzanie w garażu</li>
<li>Odkurzanie w budownictwie</li>
<li>Odkurzanie po remoncie</li>
<li>Odkurzanie w branży motoryzacyjnej</li>
<li>Odkurzanie w branży transportowej</li>
<li>Odkurzanie w hotelarstwie</li>
<li>Odkurzanie w restauracji</li>
</ul>
<p> </p>
<p> </p></div>";;Odkurzacz uniwersalny NT 40/1 Ap L;Odkurzacz uniwersalny NT 40/1 Ap L;Odkurzacz uniwersalny NT 40/1 Ap L;Odkurzacz uniwersalny NT 40/1 Ap L;in stock;Current supply. Ordering availlable;1;;;1;../../images_low/Odkurzacz uniwersalny NT 401 Ap L.jpg,../../images_high/Odkurzacz uniwersalny NT 401 Ap L.jpg;Odkurzacz uniwersalny NT 40/1 Ap L,Odkurzacz uniwersalny NT 40/1 Ap L;1;power:Moc odkurzacza: 1380 [W]:1;0;new;0;0;0;0;0;;;;;0;0;0;0;
;1;Szorowarka kompaktowa BD 50/50 C Bp Classic;Odkurzacze przemysłowe;13432.00zł;4;;1;;;;;;;;Karcher;;;;0;;;;;;;7;1;0;0;;0;;;;"<div class=""resetcss"" itemprop=""description""><h2>Szorowarka kompaktowa BD 50/50 C Bp Classic</h2>
<p><strong>Kompaktowa szorowarka BD 50/50 C Bp Classic</strong> jest urządzeniem prostym w obsłudze, a ponadto jej dużym atutem jest przystępna cena do wydajności i wysokiej jakości wykonania. Szorowarka jest zasilana na baterie, a co więcej możliwe jest montowanie różnych typów baterii. Łatwy dostęp do akumulatorów gwarantuje ich szybką wymianę. Dzięki czytelnym symbolom oraz panelowi sterowania szorowarka zapewnia niewymagającą obsługę oraz szybkie przyswojenie podstawowych funkcji urządzenia. Obok panelu sterowania znajduje się się wyświetlacz pokazujący poziom naładowania akumulatora i pozostałego czasu pracy. Co ważne, duża pojemność zbiornika na wodę daje gwarancję długiej pracy bez konieczności przerw. Jak widać, pomimo kompaktowych rozmiarów w urządzeniu został umieszczony duży zbiornik, a szorowarka nadal pozostaje łatwa w manewrowaniu. Doskonale nadaje się do codziennego czyszczenia. </p>
<p> </p>
<p><strong>SPECYFIKACJA TECHNICZNA</strong></p>
<ul>
<li>Szerokość robocza szczotek:<strong> 510 [mm]</strong></li>
<li>Szerokość robocza odkurzacza: <strong>900 [mm]</strong></li>
<li>Moc zamiatarki: <strong>1100 [W]</strong></li>
<li>Zbiornik czystej wody: <strong>50 [l]</strong></li>
<li>Zbiornik brudnej wody:<strong> 50 [l]</strong></li>
<li>Nacisk szczotki: <strong>27,3-28,5/20-23 [g/cm²/kg]</strong></li>
<li>Prędkość obrotowa szczotki: <strong>180 [obr./min]</strong></li>
<li>Wydajność powierzchniowa: <strong>ok. 2040 [m²/h]</strong></li>
<li>Poziom ciśnienia akustycznego: <strong>66 [db(A)]</strong></li>
<li>Zasilanie bateryjne: <strong>24 [V]</strong></li>
<li>Waga szorowarki: <strong>66 [kg]</strong></li>
<li>Wymiary szorowarki: <strong>1170 x 570 x 1025 [mm]</strong></li>
</ul>
<p><strong>WYPOSAŻENIE</strong></p>
<ul>
<li>Elektrozawór automatycznie odcinający wodę po zwolnieniu wyłącznika</li>
<li>Rozkładana rolka transportowa</li>
<li>Szczotka tarczowa</li>
<li>System dwóch zbiorników</li>
<li>Kółka transportowe</li>
<li>Belka ssąca: typ V</li>
<li>Głowica szorująca: rozmiar D 51</li>
</ul>
<p><strong>ZASTOSOWANIE</strong></p>
<ul>
<li>Czyszczenie hal</li>
<li>Czyszczenie sklepów</li>
<li>Czyszczenie w przemyśle</li>
<li>Czyszczenie w handlu</li>
<li>Czyszczenie restauracji</li>
<li>Czyszczenie w hotelu</li>
<li>Czyszczenie w salonie samochodowym</li>
<li>Czyszczenie w warsztacie</li>
<li>Czyszczenie w zakładach rzemieślniczych</li>
<li>Czyszczenie twardych i elastycznych wykładzin</li>
</ul></div>";;Szorowarka kompaktowa BD 50/50 C Bp Classic;Szorowarka kompaktowa BD 50/50 C Bp Classic;Szorowarka kompaktowa BD 50/50 C Bp Classic;Szorowarka kompaktowa BD 50/50 C Bp Classic;in stock;Current supply. Ordering availlable;1;;;1;../../images_low/Szorowarka kompaktowa BD 5050 C Bp Classic.jpg,../../images_high/Szorowarka kompaktowa BD 5050 C Bp Classic.jpg;Szorowarka kompaktowa BD 50/50 C Bp Classic,Szorowarka kompaktowa BD 50/50 C Bp Classic;1;;0;new;0;0;0;0;0;;;;;0;0;0;0;
;1;T 10/1 Eco Efficiency Odkurzacz Profesjonalny;Odkurzacze przemysłowe;1082.40zł;4;;1;;;;;;;;Karcher;;;;0;410;410;410;;;;8;1;0;0;;0;;;;"<div class=""resetcss"" itemprop=""description""><h2>T 10/1 Eco!Efficiency odkurzacz profesjonalny</h2>
<p><strong>Odkurzacz T 10/1 Eco!Efficiency</strong> łączy w sobie dokładność, niewielki pobór energii oraz jest ultra cichy - 57 db(A). Skuteczny i ekologiczny zużywa nawet o 40% mniej energii niż tradycyjne odkurzacze, zachowując wydajność na poziomie 98% w stosunku do modeli o poborze energii 1300W. Zmywalny, wzmocniony nylonowy filtr koszykowy w urządzeniu, chroni turbinę umożliwiając pracę bez worków filtracyjnych. Kabel zasilający jest montowany do odkurzacza za pomocą wtyczki, co sprawia iż ewentualna wymiana tej części nie jest kosztowna, a odkurzacza nie trzeba serwisować. Duży włącznik na urządzeniu można obsługiwać bez schylania się, a wyprofilowana głowica usprawnia nawijanie kabla zasilającego. Dzięki specjalnym uchwytom, wszelkie akcesoria można przechowywać w zasięgu ręki.</p>
<p><strong>SPECYFIKACJA TECHNICZNA</strong></p>
<ul>
<li>Moc odkurzacza: <strong>500 [W]</strong></li>
<li>Moc turbiny: <strong>500 [W]</strong></li>
<li>Pojemność zbiornika: <strong>10 [l]</strong></li>
<li>Materiał zbiornika: <strong>elementy plastiku</strong></li>
<li>Podciśnienie: <strong>185/18,5 [mbar/kPA]</strong></li>
<li>Wydatek powietrza: <strong>46 [l/s]</strong></li>
<li>Napięcie:<strong> 220 - 240 [V]</strong></li>
<li>Częstotliwość: <strong>50 - 60 [Hz]</strong></li>
<li>Natężenie dźwięku: <strong>57 [db(A)]</strong></li>
<li>Długość kabla zasilającego: <strong>12 [m]</strong></li>
<li>Średnica akcesoriów: <strong>35 [mm]</strong></li>
<li>Waga odkurzacza: <strong>6,3 [kg]</strong></li>
<li>Wymiary odkurzacza: <strong><strong>355 × 310 × 410</strong> [mm]</strong></li>
</ul>
<p><strong>ZALETY PRODUKTU</strong></p>
<ul>
<li>Skuteczny, niezawodny, trwały i cichy.</li>
<li>Zużywa do 40% mniej energii elektrycznej zachowując doskonałą skuteczność.</li>
<li>Obsługa włącznika za pomocą stopy.</li>
<li>Skuteczna ochrona turbiny przez filtr koszykowy.</li>
<li>Uchwyt na kabel zasilający na obudowie.</li>
<li>Wygodny schowek do przechowywania akcesoriów.</li>
</ul>
<p><strong>WYPOSAŻENIE</strong></p>
<ul>
<li>System antystatyczny</li>
<li>1 Wąż ssący: 2,5 m</li>
<li>2 rury ssące: 0,5 m</li>
<li>1 ssawka podłogowa</li>
<li>1 worek filtrujący z mikrofibry</li>
<li>1 nylonowy filtr koszykowy</li>
<li>Kolanko</li>
</ul>
<p><strong>ZASTOSOWANIE</strong></p>
<ul>
<li>Odkurzanie na sucho</li>
<li>Odkurzanie domu</li>
<li>Odkurzanie przedszkoli</li>
<li>Odkurzanie szkół</li>
<li>Odkurzanie hoteli</li>
<li>Odkurzanie restauracji</li>
<li>Odkurzanie przychodni lekarskich</li>
<li>Odkurzanie w pracy</li>
<li>Odkurzanie samochodu</li>
<li>Odkurzanie kafelek</li>
<li>Odkurzanie twardych podłóg</li>
<li>Odkurzanie schodów</li>
<li>Odkurzanie paneli</li>
<li>Odkurzanie wykładzin</li>
<li>Odkurzanie PCV</li>
<li>Odkurzanie dywanów</li>
<li>Odkurzanie kamiennych posadzek</li>
</ul></div>";;T 10/1 Eco Efficiency Odkurzacz Profesjonalny;T 10/1 Eco Efficiency Odkurzacz Profesjonalny;T 10/1 Eco Efficiency Odkurzacz Profesjonalny;T 10/1 Eco Efficiency Odkurzacz Profesjonalny;in stock;Current supply. Ordering availlable;1;;;1;../../images_low/T 101 Eco Efficiency Odkurzacz Profesjonalny.jpg,../../images_high/T 101 Eco Efficiency Odkurzacz Profesjonalny.jpg;T 10/1 Eco Efficiency Odkurzacz Profesjonalny,T 10/1 Eco Efficiency Odkurzacz Profesjonalny;1;power:Moc odkurzacza: 500 [W]:1;0;new;0;0;0;0;0;;;;;0;0;0;0;
;1;T12/1 Odkurzacz Karcher;Odkurzacze przemysłowe;1451.40zł;4;;1;;;;;;;;Karcher;;;;0;340;340;340;;;;6;1;0;0;;0;;;;"<div class=""resetcss"" itemprop=""description""><h2><strong>T12/1 Odkurzacz Karcher</strong></h2>
<p><strong>Odkurzacz Karcher T12/1</strong> cechuje się odporną i trwałą konstrukcją, która nie ulega uszkodzeniom. Cicha praca odkurzacza stanowi jego walor pozwalając na korzystanie w miejscach, w których wymagana jest cisza. Wygoda użytkowania oraz mobilność to kolejne atuty tego urządzenia. System łączenia węży Clip ułatwia łączenie i wymianę węży ssących oraz kolanek. Zmywalny, wzmocniony nylonowy filtr koszykowy w urządzeniu, chroni turbinę, a trójwarstwowe worki z mikrofibry są odporne na rozerwanie oraz skutecznie absorbują pył. Opcjonalnie w odkurzaczu można zamontować węglowy filtr powietrza wylotowego oraz kasetowy filtr HEPA H12. Oba filtry skutecznie zatrzymają zanieczyszczenia, alergeny i bakterie. Przyłącze do elektroszczotki ESB umożliwia podłączenie elektroszczotki ESB 28 do odkurzacza w celu dogłębnego czyszczenia dywanów i wykładzin dywanowych, nadając im świeży wygląd. Duży włącznik na urządzeniu można obsługiwać bez schylania się, a wyprofilowana głowica usprawnia nawijanie kabla zasilającego.</p>
<p> </p>
<p><strong>SPECYFIKACJA TECHNICZNA</strong></p>
<ul>
<li>Moc odkurzacza: <strong>800 [W]</strong></li>
<li>Moc turbiny: <strong>800 [W]</strong></li>
<li>Pojemność zbiornika: <strong>12 [l]</strong></li>
<li>Materiał zbiornika: <strong>elementy plastiku</strong></li>
<li>Podciśnienie: <strong>240/24 [mbar/kPA]</strong></li>
<li>Wydatek powietrza: <strong>53 [l/s]</strong></li>
<li>Napięcie:<strong> 220 - 240 [V]</strong></li>
<li>Częstotliwość: <strong>50 - 60 [Hz]</strong></li>
<li>Natężenie dźwięku: <strong>62 [db(A)]</strong></li>
<li>Długość kabla zasilającego: <strong>12 [m]</strong></li>
<li>Średnica akcesoriów: <strong>35 [mm]</strong></li>
<li>Waga odkurzacza: <strong>6,4 [kg]</strong></li>
<li>Wymiary odkurzacza: <strong>410 x 315 x 340 [mm]</strong></li>
</ul>
<p><strong>ZALETY PRODUKTU</strong></p>
<ul>
<li>Skuteczny, niezawodny i trwały.</li>
<li>Obsługa włącznika za pomocą stopy.</li>
<li>Skuteczna ochrona turbiny przez filtr koszykowy.</li>
<li>Uchwyt na kabel zasilający na obudowie.</li>
</ul>
<p><strong>WYPOSAŻENIE</strong></p>
<ul>
<li>System łączenia węży: Clip</li>
<li>Klasa bezpieczeństwa: II</li>
<li>1 wąż ssący: 2,5 m</li>
<li>2 rury ssące: 0,5 m</li>
<li>1 szczotka podłogowa</li>
<li>1 worek filtracyjny z mikrofibry</li>
<li>1 nylonowy filtr koszykowy</li>
<li>Kolanko</li>
</ul>
<p><strong>ZASTOSOWANIE</strong></p>
<ul>
<li>Odkurzanie na sucho</li>
<li>Odkurzanie domu</li>
<li>Odkurzanie w agroturystyce</li>
<li>Odkurzanie w przedszkolach</li>
<li>Odkurzanie w przychodniach</li>
<li>Odkurzanie w biurze</li>
<li>Odkurzanie szkół</li>
<li>Odkurzanie hoteli</li>
<li>Odkurzanie restauracji</li>
<li>Odkurzanie w handlu</li>
<li>Odkurzanie w pracy</li>
<li>Odkurzanie samochodu</li>
<li>Odkurzanie kafelek</li>
<li>Odkurzanie twardych podłóg</li>
<li>Odkurzanie schodów</li>
<li>Odkurzanie paneli</li>
<li>Odkurzanie wykładzin</li>
<li>Odkurzanie PCV</li>
<li>Odkurzanie dywanów</li>
<li>Odkurzanie kamiennych posadzek</li>
</ul></div>";;T12/1 Odkurzacz Karcher;T12/1 Odkurzacz Karcher;T12/1 Odkurzacz Karcher;T12/1 Odkurzacz Karcher;in stock;Current supply. Ordering availlable;1;;;1;../../images_low/T121 Odkurzacz Karcher.jpg,../../images_high/T121 Odkurzacz Karcher.jpg;T12/1 Odkurzacz Karcher,T12/1 Odkurzacz Karcher;1;power:Moc odkurzacza: 800 [W]:1;0;new;0;0;0;0;0;;;;;0;0;0;0;
;1;Worek do odkurzacza Nilfisk Alto SQ 850/SQ8;Odkurzacze przemysłowe;20.00zł;4;;1;;;;;;;;Worki4You;;;;0;;;;;;;4;1;0;0;;0;;;;"<div class=""resetcss"" itemprop=""description""><h2><strong>Worek do odkurzacza Nilfisk Alto </strong>SQ 850/SQ8</h2>
<p>Worki z <strong>mikrowłókna</strong> naszej produkcji są wykonane z tworzywa sztucznego, hipoalergicznego. Charakteryzują się tym, że są bardziej higieniczne, antybakteryjne dzięki czemu są <strong>bezpieczne w stosowaniu</strong> także przy małych dzieciach. Zapewniają <strong>najwyższy poziom wytrzymałości</strong>, nawet gdy przez dłuższy czas będziemy odkurzali przy zapełnionym worku. Materiał, z którego są wykonane, jest <strong>bardzo solidny.</strong> Worki nie przepuszczają pyłów, kurzu i roztoczy. Doskonale przylegają do wlotu odkurzacza, dzięki czemu <strong>nie przepuszczają żadnych zanieczyszczeń</strong> na łączeniach. Użyta technologia nowoczesnego mikrowłókna, powoduje, iż nasze worki <strong>wspaniale dopasowują się do wnętrza odkurzacza</strong> i zapełniają się do 100% swojej pojemności.</p>
<p><strong>SPECYFIKACJA TECHNICZNA WORKA</strong>   </p>
<ul>
<li>Wysokość worka <strong>83</strong><strong>0 [mm]</strong></li>
<li>Szerokość worka <strong>340 [mm]</strong></li>
<li>Średnica wlotu <strong>64 [mm]</strong></li>
<li>Ilość sztuk: <strong>1</strong> </li>
<li>Rodzaj mocowania:  <strong>twardy </strong><strong>plastik</strong></li>
<li>Rodzaj łączenia: <strong>zgrzewane mechanicznie </strong></li>
<li>Opakowanie: <strong>folia</strong></li>
<li>Filtr w opakowaniu: <strong>nie</strong></li>
<li>Materiał: <strong>mikrowłókno</strong></li>
<li>Kolor: <strong>naturalna biel</strong></li>
<li>Typ: <strong>worki jednorazowe</strong></li>
<li>Rodzaj: <span style=""text-decoration: line-through;"">oryginał</span>/ <strong>zamiennik</strong></li>
<li>Producent/dystrybutor: <strong>eOdkurzacz Polska</strong></li>
</ul>
<p><strong></strong></p>
<p>Alternatywa dla oryginalnego numeru<strong> 61603</strong></p></div>";;Worek do odkurzacza Nilfisk Alto SQ 850/SQ8;Worek do odkurzacza Nilfisk Alto SQ 850/SQ8;Worek do odkurzacza Nilfisk Alto SQ 850/SQ8;Worek do odkurzacza Nilfisk Alto SQ 850/SQ8;in stock;Current supply. Ordering availlable;1;;;1;../../images_low/Worek do odkurzacza Nilfisk Alto SQ 850SQ8.jpg,../../images_high/Worek do odkurzacza Nilfisk Alto SQ 850SQ8.jpg;Worek do odkurzacza Nilfisk Alto SQ 850/SQ8,Worek do odkurzacza Nilfisk Alto SQ 850/SQ8;1;;0;new;0;0;0;0;0;;;;;0;0;0;0;
;1;Worki do odkurzacza Bosch Ventaro PSM1400;Odkurzacze przemysłowe;24.99zł;4;;1;;;;;;;;Worki4You;;;;0;;;;;;;3;1;0;0;;0;;;;"<div class=""resetcss"" itemprop=""description""><h2>Worki do odkurzacza Bosch Ventaro PSM1400</h2>
<p>Worki z <strong>mikrowłókna</strong> naszej produkcji są wykonane z tworzywa sztucznego, hipoalergicznego. </p>
<p>Charakteryzują się tym, że są bardziej higieniczne, antybakteryjne dzięki czemu są <strong>bezpieczne w stosowaniu</strong> także przy małych dzieciach. </p>
<p>Zapewniają <strong>najwyższy poziom wytrzymałości</strong>, nawet gdy przez dłuższy czas będziemy odkurzali przy zapełnionym worku. </p>
<p>Materiał, z którego są wykonane, jest <strong>bardzo solidny.</strong> Worki nie przepuszczają pyłów, kurzu i roztoczy. </p>
<p>Doskonale przylegają do wlotu odkurzacza, dzięki czemu <strong>nie przepuszczają żadnych zanieczyszczeń</strong> na łączeniach. </p>
<p>Użyta technologia nowoczesnego mikrowłókna, powoduje, iż nasze worki <strong>wspaniale dopasowują się do wnętrza odkurzacza</strong> i zapełniają się do 100% swojej pojemności.</p>
<p> </p>
<p><strong>SPECYFIKACJA TECHNICZNA WORKA:</strong></p>
<ul>
<li>Wysokość worka <strong>280</strong><strong> [mm]</strong></li>
<li>Szerokość worka <strong>140</strong><strong> [mm]</strong></li>
<li>Średnica wlotu  <strong>48</strong><strong> [mm]</strong></li>
<li>Ilość sztuk: <strong>5</strong> </li>
<li>Rodzaj mocowania: <strong>kartonowe</strong></li>
<li>Rodzaj łączenia: <strong>zgrzewane mechanicznie </strong></li>
<li>Opakowanie: <strong>folia</strong></li>
<li>Filtr w opakowaniu:<strong> </strong><strong>nie</strong></li>
<li>Materiał: <strong>mikrofibra</strong></li>
<li>Kolor: <strong>biały</strong></li>
<li>Typ: <strong>worki jednorazowe</strong></li>
<li>Rodzaj: <span style=""text-decoration:line-through;"">oryginał</span>/ <strong>zamiennik</strong></li>
<li>Producent/dystrybutor: <strong>eOdkurzacz Polska</strong></li>
</ul>
<p></p>
<p><strong>WORKI PASUJĄ DO MODELI:</strong></p>
<p>Naciśnij na klawiaturze Ctrl+F, a następnie wpisz model Twojego urządzenia lub produktu. Przeszukasz w ten sposób szybko listę kompatybilności znajdującą się poniżej.</p>
<ul>
<li><em><strong>BOSCH VENTARO PSM1400</strong></em></li>
</ul></div>";;Worki do odkurzacza Bosch Ventaro PSM1400;Worki do odkurzacza Bosch Ventaro PSM1400;Worki do odkurzacza Bosch Ventaro PSM1400;Worki do odkurzacza Bosch Ventaro PSM1400;in stock;Current supply. Ordering availlable;1;;;1;../../images_low/Worki do odkurzacza Bosch Ventaro PSM1400.jpg,../../images_high/Worki do odkurzacza Bosch Ventaro PSM1400.jpg;Worki do odkurzacza Bosch Ventaro PSM1400,Worki do odkurzacza Bosch Ventaro PSM1400;1;;0;new;0;0;0;0;0;;;;;0;0;0;0;
;1;Worki do odkurzacza Cleanfix  S10;Odkurzacze przemysłowe;50.00zł;4;;1;;;;;;;;Worki4You;;;;0;;;;;;;5;1;0;0;;0;;;;"<div class=""resetcss"" itemprop=""description""><h2><strong>Worki do odkurzacza Taski Bora</strong></h2>
<p>Worki z <strong>mikrowłókna</strong> naszej produkcji są wykonane z tworzywa sztucznego, hipoalergicznego. </p>
<p>Charakteryzują się tym, że są bardziej higieniczne, antybakteryjne dzięki czemu są <strong>bezpieczne w stosowaniu</strong> także przy małych dzieciach. </p>
<p>Zapewniają <strong>najwyższy poziom wytrzymałości</strong>, nawet gdy przez dłuższy czas będziemy odkurzali przy zapełnionym worku. </p>
<p>Materiał, z którego są wykonane, jest <strong>bardzo solidny.</strong> Worki nie przepuszczają pyłów, kurzu i roztoczy. </p>
<p>Doskonale przylegają do wlotu odkurzacza, dzięki czemu <strong>nie przepuszczają żadnych zanieczyszczeń</strong> na łączeniach. </p>
<p>Użyta technologia nowoczesnego mikrowłókna, powoduje, iż nasze worki <strong>wspaniale dopasowują się do wnętrza odkurzacza</strong> i zapełniają się do 100% swojej pojemności.</p>
<p> </p>
<p><strong>SPECYFIKACJA TECHNICZNA WORKA:</strong></p>
<ul>
<li>Wysokość worka <strong>430</strong><strong> [mm]</strong></li>
<li>Szerokość worka <strong>410</strong><strong> [mm]</strong></li>
<li>Średnica wlotu  <strong>45</strong><strong> [mm]</strong></li>
<li>Ilość sztuk: <strong>10</strong></li>
<li>Rodzaj mocowania: <strong>twardy karton</strong></li>
<li>Rodzaj łączenia: <strong>zgrzewane mechanicznie </strong></li>
<li>Opakowanie: <strong>folia</strong></li>
<li>Filtr w opakowaniu:<strong> </strong><strong>nie</strong></li>
<li>Materiał: <strong>mikrofibra</strong></li>
<li>Kolor: <strong>biały</strong></li>
<li>Typ: <strong>worki jednorazowe</strong></li>
<li>Rodzaj: <span style=""text-decoration: line-through;"">oryginał</span>/ <strong>zamiennik</strong></li>
<li>Producent/dystrybutor: <strong>eOdkurzacz Polska</strong></li>
</ul>
<p> </p>
<p><strong>PASUJĄ DO MODELI:</strong></p>
<p>Naciśnij na klawiaturze Ctrl+F, a następnie wpisz model Twojego urządzenia lub produktu. Przeszukasz w ten sposób szybko listę kompatybilności znajdującą się poniżej.</p>
<p><strong>Taski</strong></p>
<ul>
<li>Taski Vento 8</li>
<li>Taski Aero 8</li>
<li>Taski S4</li>
<li>Taski Bora</li>
<li>Taski Aero 8 Plus</li>
<li>Taski Vento 8S</li>
<li>Taski 7518446</li>
<li>Taski Aero 15</li>
<li>Taski Aero 15 Plus</li>
<li>Taski Bora S5.1</li>
<li>Taski Colombus 2000</li>
<li>Taski Robolin D10</li>
<li>Taski S1</li>
<li>Taski Samba</li>
<li>Taski T5</li>
<li>Taski 8500590</li>
<li>Taski 8500.590</li>
<li>Taski Baby Bora</li>
</ul>
<p><strong>Cleanfix</strong></p>
<ul>
<li>Cleanfix S10</li>
<li>Cleanfix S12</li>
<li>Cleanfix S 10</li>
<li>Cleanfix S 12</li>
</ul>
<p><strong>Elektroma</strong></p>
<ul>
<li>Elektroma S85</li>
</ul>
<p><strong>Ghibli</strong></p>
<ul>
<li>Ghibli AS5</li>
<li>Ghibli Viking</li>
</ul>
<p><strong>Eurostream</strong></p>
<ul>
<li>Eurosteam 2900</li>
</ul>
<p><strong>Wetrok</strong></p>
<ul>
<li>Wetrok 821</li>
</ul>
<p><strong>Henkel</strong></p>
<ul>
<li>Henkel S152B</li>
<li>Henkel S142B</li>
<li>Henkel 132 142</li>
</ul>
<p><strong>Columbus</strong></p>
<ul>
<li>Columbus 158</li>
<li>Columbus 2000</li>
<li>Columbus ST 7</li>
</ul>
<p><strong>Ecolab</strong></p>
<ul>
<li>Ecolab Floormatic S 12 122</li>
<li>Ecolab Floormatic S12 Plus</li>
</ul>
<p><strong>Powerplus</strong></p>
<ul>
<li>Powerplus POWX320</li>
<li>Powerplus POWX322</li>
<li>Powerplus POWX3230</li>
</ul>
<p><strong>Rhovac</strong></p>
<ul>
<li>Rhovac 109</li>
</ul>
<p><strong>Frag</strong></p>
<ul>
<li>Frag D6</li>
</ul>
<p><strong>Ivac</strong></p>
<ul>
<li>Ivac MAJOR</li>
</ul>
<p> Alternatywa oryginalnego numeru Taski:<strong> 7514886</strong></p></div>";;Worki do odkurzacza Cleanfix  S10;Worki do odkurzacza Cleanfix  S10;Worki do odkurzacza Cleanfix  S10;Worki do odkurzacza Cleanfix  S10;in stock;Current supply. Ordering availlable;1;;;1;../../images_low/Worki do odkurzacza Cleanfix  S10.jpg,../../images_high/Worki do odkurzacza Cleanfix  S10.jpg;Worki do odkurzacza Cleanfix  S10,Worki do odkurzacza Cleanfix  S10;1;;0;new;0;0;0;0;0;;;;;0;0;0;0;
;1;Worki do odkurzacza Einhell NTS 1400;Odkurzacze przemysłowe;45.00zł;4;;1;;;;;;;;Worki4You;;;;0;;;;;;;10;1;0;0;;0;;;;"<div class=""resetcss"" itemprop=""description""><h2>Worki do odkurzacza Einhell NTS 1400</h2>
<p>Worki z <strong>mikrowłókna</strong> naszej produkcji są wykonane z tworzywa sztucznego, <strong>hipoalergicznego</strong>.</p>
<p>Charakteryzują się tym że są bardziej <strong>higieniczne</strong>, <strong>antybakteryjne</strong> dzięki czemu są <strong>bezpieczne</strong> w stosowaniu także przy małych dzieciach.</p>
<p>Zapewniają <strong>najwyższy poziom wytrzymałości</strong>, nawet gdy przez dłuższy czas będziemy odkurzali przy zapełnionym worku.</p>
<p>Materiał, z którego są wykonane, jest bardzo <strong>solidny.</strong></p>
<p><strong>Nie przepuszczają pyłów, kurzu i roztoczy.</strong></p>
<p>Dzięki zastosowaniu twardego mocowania worki <strong>doskonale</strong> <strong>przylegają</strong> do wlotu odkurzaczy i nie przepuszczają żadnych zanieczyszczeń na łączeniach i po bokach.</p>
<p>Dzięki użytej technologii nowoczesnego mikrowłókna nasze worki są miękkie i wspaniale dopasowują się do wnętrza pojemnika odkurzacza <strong>zapełniając się do końca swojej pojemności.</strong></p>
<p><strong>SPECYFIKACJA TECHNICZNA WORKA</strong>   </p>
<ul>
<li>Wysokość worka <strong>370 [mm]</strong></li>
<li>Szerokość worka <strong>60</strong><strong>0 [mm]</strong></li>
<li>Średnica wlotu  <strong>63 [mm]</strong></li>
<li>Ilość sztuk: <strong>5</strong> </li>
<li>Rodzaj mocowania: <strong>twardy plastik</strong></li>
<li>Rodzaj łączenia: <strong>zgrzewane mechanicznie </strong></li>
<li>Opakowanie: <strong>folia</strong></li>
<li>Filtr w opakowaniu: <strong>nie</strong></li>
<li>Materiał: <strong>mikrowłókno</strong></li>
<li>Kolor: <strong>biały</strong></li>
<li>Typ: <strong>worki jednorazowe</strong></li>
<li>Rodzaj: <span style=""text-decoration: line-through;"">oryginał</span>/ <strong>zamiennik</strong></li>
<li>Producent/dystrybutor: <strong>eOdkurzacz Polska</strong></li>
</ul>
<p> </p>
<p></p>
<p><strong>PASUJĄ DO MODELI</strong></p>
<p>Naciśnij na klawiaturze Ctrl+F, a następnie wpisz model Twojego urządzenia lub produktu. Przeszukasz w ten sposób szybko listę kompatybilności znajdującą się poniżej.<br/><br/><em><strong>EINHELL</strong></em></p>
<ul>
<li>BT-VC 1250 S / SA</li>
<li>NTS 1400</li>
<li>23.421.60</li>
<li>BT-VC 1115</li>
<li>BT-VC 1250</li>
<li>BT-VC 1250 SA</li>
<li>TH-VC 1815</li>
<li>TH-VC 1820 S</li>
</ul>
<p><em><strong>HOOVER</strong></em></p>
<ul>
<li>TCP 1600 - 2499 Capture</li>
<li>TF 1600 - 2999 Flash</li>
</ul>
<p><em><strong>LIV</strong></em></p>
<ul>
<li>Bidon, Jazz 20 P</li>
<li>Jazz automatic</li>
</ul>
<p><em><strong>OMEGA</strong></em></p>
<ul>
<li>Profi 20</li>
<li>Serie Rio</li>
</ul>
<p><em><strong>PARKSIDE</strong></em></p>
<ul>
<li>PNTS 30 / 6 S</li>
<li>PNTS 1400 / 1500</li>
</ul></div>";;Worki do odkurzacza Einhell NTS 1400;Worki do odkurzacza Einhell NTS 1400;Worki do odkurzacza Einhell NTS 1400;Worki do odkurzacza Einhell NTS 1400;in stock;Current supply. Ordering availlable;1;;;1;../../images_low/Worki do odkurzacza Einhell NTS 1400.jpg,../../images_high/Worki do odkurzacza Einhell NTS 1400.jpg;Worki do odkurzacza Einhell NTS 1400,Worki do odkurzacza Einhell NTS 1400;1;;0;new;0;0;0;0;0;;;;;0;0;0;0;
;1;Worki do odkurzacza Electrolux UZ932 Nilfisk GD 932;Odkurzacze przemysłowe;25.00zł;4;;1;;;;;;;;Worki4You;;;;0;;;;;;;4;1;0;0;;0;;;;"<div class=""resetcss"" itemprop=""description""><h1>Worki do odkurzacza Electrolux UZ872</h1>
<p>Worki z <strong>mikrowłókna</strong> naszej produkcji są wykonane z tworzywa sztucznego, hipoalergicznego. </p>
<p>Charakteryzują się tym, że są bardziej higieniczne, antybakteryjne dzięki czemu są <strong>bezpieczne w stosowaniu</strong> także przy małych dzieciach. </p>
<p>Zapewniają <strong>najwyższy poziom wytrzymałości</strong>, nawet gdy przez dłuższy czas będziemy odkurzali przy zapełnionym worku. </p>
<p>Materiał, z którego są wykonane, jest <strong>bardzo solidny.</strong> Worki nie przepuszczają pyłów, kurzu i roztoczy. </p>
<p>Doskonale przylegają do wlotu odkurzacza, dzięki czemu <strong>nie przepuszczają żadnych zanieczyszczeń</strong> na łączeniach. </p>
<p>Użyta technologia nowoczesnego mikrowłókna, powoduje, iż nasze worki <strong>wspaniale dopasowują się do wnętrza odkurzacza</strong> i zapełniają się do 100% swojej pojemności.</p>
<p> </p>
<p><strong>SPECYFIKACJA TECHNICZNA WORKA:</strong></p>
<ul>
<li>Wysokość worka <strong>185</strong><strong> [mm]</strong></li>
<li>Szerokość worka <strong>580</strong><strong> [mm]</strong></li>
<li>Średnica wlotu  <strong>62</strong><strong> [mm]</strong></li>
<li>Ilość sztuk: <strong>5</strong> </li>
<li>Rodzaj mocowania: <strong>kartonowe</strong></li>
<li>Rodzaj łączenia: <strong>zgrzewane mechanicznie </strong></li>
<li>Opakowanie: <strong>folia</strong></li>
<li>Filtr w opakowaniu:<strong> </strong><strong>nie</strong></li>
<li>Materiał: <strong>mikrofibra</strong></li>
<li>Kolor: <strong>biały</strong></li>
<li>Typ: <strong>worki jednorazowe</strong></li>
<li>Rodzaj: <span style=""text-decoration:line-through;"">oryginał</span>/ <strong>zamiennik</strong></li>
<li>Producent/dystrybutor: <strong>eOdkurzacz Polska</strong></li>
</ul>
<p></p>
<p></p>
<p><strong>WORKI PASUJĄ DO MODELI:</strong></p>
<p>Naciśnij na klawiaturze Ctrl+F, a następnie wpisz model Twojego urządzenia lub produktu. Przeszukasz w ten sposób szybko listę kompatybilności znajdującą się poniżej.</p>
<p><strong>ELECTROLUX:</strong></p>
<ul>
<li>UZ872</li>
<li>UZ932</li>
<li>UZ934</li>
</ul>
<p><strong>NILFISK:</strong></p>
<ul>
<li>GD932</li>
<li>GD934</li>
</ul>
<p> </p></div>";;Worki do odkurzacza Electrolux UZ932 Nilfisk GD 932;Worki do odkurzacza Electrolux UZ932 Nilfisk GD 932;Worki do odkurzacza Electrolux UZ932 Nilfisk GD 932;Worki do odkurzacza Electrolux UZ932 Nilfisk GD 932;in stock;Current supply. Ordering availlable;1;;;1;../../images_low/Worki do odkurzacza Electrolux UZ932 Nilfisk GD 932.jpg,../../images_high/Worki do odkurzacza Electrolux UZ932 Nilfisk GD 932.jpg;Worki do odkurzacza Electrolux UZ932 Nilfisk GD 932,Worki do odkurzacza Electrolux UZ932 Nilfisk GD 932;1;;0;new;0;0;0;0;0;;;;;0;0;0;0;
;1;Worki do odkurzacza Festool  CTL 22 / CTL 33;Odkurzacze przemysłowe;90.00zł;4;;1;;;;;;;;Worki4You;;;;0;;;;;;;2;1;0;0;;0;;;;"<div class=""resetcss"" itemprop=""description""><h2>Worki do odkurzacza Festool  CTL 22 / CTL 33 </h2>
<p>Worki z <strong>mikrowłókna</strong> naszej produkcji są wykonane z tworzywa sztucznego, hipoalergicznego.<br/>Charakteryzują się tym, że są bardziej <strong>higieniczne</strong>, <strong>antybakteryjne</strong> dzięki czemu są <strong>bezpieczne</strong> w stosowaniu także przy małych dzieciach.<br/>Zapewniają najwyższy poziom wytrzymałości, nawet gdy przez dłuższy czas będziemy odkurzali przy zapełnionym worku.<br/>Materiał, z którego są wykonane, jest bardzo <strong>solidny</strong>.<br/><strong>Nie przepuszczają</strong> pyłów, kurzu i roztoczy.<br/>Dzięki zastosowaniu plastikowego mocowania worki doskonale przylegają do wlotu odkurzaczy i <strong>nie przepuszczają żadnych zanieczyszczeń</strong> na łączeniach i po bokach jak to często bywa przy mocowaniu kartonowym.<br/>Dzięki użytej <strong>technologii nowoczesnego mikrowłókna</strong> nasze worki są miękkie i wspaniale dopasowują się do wnętrza pojemnika odkurzacza  zapełniając się do końca swojej pojemności. </p>
<p> <strong>SPECYFIKACJA TECHNICZNEA WORKA</strong></p>
<ul>
<li>Długość worka <strong>605 [mm]</strong></li>
<li>Szerokość worka<strong> 270 [mm]</strong></li>
<li>Średnica wlotu <strong>51 [mm]</strong></li>
<li>Ilość sztuk: <strong>5</strong></li>
<li>Rodzaj mocowania: <strong>plastik</strong></li>
<li>Rodzaj łączenia: <strong>zgrzewane mechanicznie</strong></li>
<li>Opakowanie: <strong>folia</strong></li>
<li>Filtr w opakowaniu: <strong>nie</strong></li>
<li>Materiał: <strong>mikrowłókno</strong></li>
<li>Kolor: <strong>biały</strong></li>
<li>Typ: <strong>worki jednorazowe</strong></li>
<li>Rodzaj: <span style=""text-decoration: line-through;"">oryginał</span>/ <strong>zamiennik</strong></li>
<li>Producent/dystrybutor: <strong>eOdkurzacz Polska</strong></li>
</ul>
<p> </p>
<p></p>
<p><strong>WORKI PODOBNE JAK NUMERY ORYGINALNE</strong></p>
<ul>
<li><strong>FESTOOL 452970</strong></li>
</ul>
<p><strong>PASUJĄ DO MODELI</strong></p>
<p>Naciśnij na klawiaturze Ctrl+F, a następnie wpisz model Twojego urządzenia lub produktu. Przeszukasz w ten sposób szybko listę kompatybilności znajdującą się poniżej.</p>
<p><em><strong>FESTOOL</strong></em></p>
<ul>
<li>CT 22</li>
<li>CT 22 E</li>
<li>CT 33</li>
<li>CT 33 E</li>
<li>CTL 22</li>
<li>CTL 22 E</li>
<li>CTL 22 E SG</li>
<li>CTL 33 LE SG</li>
<li>CTM 22</li>
<li>CTM 22 E</li>
<li>CTM 22 E SG</li>
<li>CTM 33</li>
<li>CTM 33 E</li>
<li>CTM 33 LE</li>
</ul>
<p> </p></div>";;Worki do odkurzacza Festool  CTL 22 / CTL 33;Worki do odkurzacza Festool  CTL 22 / CTL 33;Worki do odkurzacza Festool  CTL 22 / CTL 33;Worki do odkurzacza Festool  CTL 22 / CTL 33;in stock;Current supply. Ordering availlable;1;;;1;../../images_low/Worki do odkurzacza Festool  CTL 22  CTL 33.jpg,../../images_high/Worki do odkurzacza Festool  CTL 22  CTL 33.jpg;Worki do odkurzacza Festool  CTL 22 / CTL 33,Worki do odkurzacza Festool  CTL 22 / CTL 33;1;;0;new;0;0;0;0;0;;;;;0;0;0;0;
;1;Worki do odkurzacza Festool CT 26 CTL 36;Odkurzacze przemysłowe;65.00zł;4;;1;;;;;;;;Worki4You;;;;0;;;;;;;6;1;0;0;;0;;;;"<div class=""resetcss"" itemprop=""description""><h2>Worki do odkurzacza<strong> Festool CT 26</strong></h2>
<p><br/>Worki z mikrowłókna są wykonane z tworzywa sztucznego, hipoalergicznego.</p>
<p>Są najbardziej higieniczne, antybakteryjne dzięki czemu są bezpieczne w stosowaniu także przy małych dzieciach.</p>
<p>Zapewniają najwyższy poziom wytrzymałości, nawet gdy przez dłuższy czas będziemy odkurzali przy zapełnionym worku.</p>
<p>Materiał, z którego są wykonane, jest bardzo solidny.</p>
<p>Nie przepuszczają pyłów, kurzu i roztoczy. </p>
<p>Użyta technologia nowoczesnego mikrowłókna, powoduje, iż nasze worki wspaniale dopasowują się do wnętrza odkurzacza i zapełniają się do 100% swojej pojemności.</p>
<p style=""font-size:11px;font-weight:400;""> </p>
<p><strong>SPECYFIKACJA TECHNICZNA</strong><strong> WORKA:</strong></p>
<ul>
<li>Wysokość worka: <strong>805[mm]</strong></li>
<li>Szerokość worka:<strong> 630 [mm]</strong></li>
<li>Średnica wlotu: <strong>75 [mm]</strong></li>
<li>Ilość sztuk:<strong> 5</strong></li>
<li>Rodzaj mocowania: <strong>karton</strong></li>
<li>Rodzaj łączenia: <strong>zgrzewane mechanicznie </strong></li>
<li>Opakowanie: <strong>folia</strong></li>
<li>Filtr w opakowaniu: <strong>nie</strong> </li>
<li>Materiał:  <strong>syntetyczne</strong> (mikrofibra)</li>
<li>Kolor: <strong>biały</strong></li>
<li>Typ: <strong>worki jednorazowe</strong></li>
<li>Rodzaj: <span style=""text-decoration:line-through;"">oryginał</span>/<strong> zamiennik</strong></li>
<li>Producent/dystrybutor: <strong>eOdkurzacz Polska</strong></li>
</ul>
<p></p>
<p>Naciśnij na klawiaturze Ctrl+F, a następnie wpisz model Twojego urządzenia lub produktu. Przeszukasz w ten sposób szybko listę kompatybilności znajdującą się poniżej.</p>
<p><em><strong>FESTOOL</strong></em></p>
<ul>
<li>    CT 26</li>
<li>    CT 26 E</li>
<li>    CT 36</li>
<li>    CT 36 E</li>
<li>    CTL 26</li>
<li>    CTL 26 E</li>
<li>    CTL 36</li>
<li>    CTL 36 E</li>
<li>    CTM 26</li>
<li>    CTM 26 E</li>
<li>    CTM 36</li>
<li>    CTM 36 E</li>
</ul>
<p><br/><strong>Zamiennik oryginalnego numeru: SC FIS-CT 36/5 No. 496 186</strong></p>
<p> </p></div>";;Worki do odkurzacza Festool CT 26 CTL 36;Worki do odkurzacza Festool CT 26 CTL 36;Worki do odkurzacza Festool CT 26 CTL 36;Worki do odkurzacza Festool CT 26 CTL 36;in stock;Current supply. Ordering availlable;1;;;1;../../images_low/Worki do odkurzacza Festool CT 26 CTL 36.jpg,../../images_high/Worki do odkurzacza Festool CT 26 CTL 36.jpg;Worki do odkurzacza Festool CT 26 CTL 36,Worki do odkurzacza Festool CT 26 CTL 36;1;;0;new;0;0;0;0;0;;;;;0;0;0;0;
;1;Worki do odkurzacza Festool CT17E Protool VCP170E;Odkurzacze przemysłowe;32.00zł;4;;1;;;;;;;;Worki4You;;;;0;;;;;;;1;1;0;0;;0;;;;"<div class=""resetcss"" itemprop=""description""><h2>Worki do odkurzacza Festool CT17E </h2>
<p>Worki z <strong>mikrowłókna</strong> naszej produkcji są wykonane z tworzywa sztucznego, hipoalergicznego. </p>
<p>Charakteryzują się tym, że są bardziej higieniczne, antybakteryjne dzięki czemu są <strong>bezpieczne w stosowaniu</strong> także przy małych dzieciach. </p>
<p>Zapewniają <strong>najwyższy poziom wytrzymałości</strong>, nawet gdy przez dłuższy czas będziemy odkurzali przy zapełnionym worku. </p>
<p>Materiał, z którego są wykonane, jest <strong>bardzo solidny.</strong> Worki nie przepuszczają pyłów, kurzu i roztoczy. </p>
<p>Doskonale przylegają do wlotu odkurzacza, dzięki czemu <strong>nie przepuszczają żadnych zanieczyszczeń</strong> na łączeniach. </p>
<p>Użyta technologia nowoczesnego mikrowłókna, powoduje, iż nasze worki <strong>wspaniale dopasowują się do wnętrza odkurzacza</strong> i zapełniają się do 100% swojej pojemności.</p>
<p> </p>
<p><strong>SPECYFIKACJA TECHNICZNA WORKA:</strong></p>
<ul>
<li>Wysokość worka <strong>490</strong><strong> [mm]</strong></li>
<li>Szerokość worka <strong>280</strong><strong> [mm]</strong></li>
<li>Średnica wlotu  <strong>70</strong><strong> [mm]</strong></li>
<li>Ilość sztuk: <strong>5</strong> </li>
<li>Rodzaj mocowania: <strong>kartonowe</strong></li>
<li>Rodzaj łączenia: <strong>zgrzewane mechanicznie </strong></li>
<li>Opakowanie: <strong>folia</strong></li>
<li>Filtr w opakowaniu:<strong> </strong><strong>nie</strong></li>
<li>Materiał: <strong>mikrofibra</strong></li>
<li>Kolor: <strong>biały</strong></li>
<li>Typ: <strong>worki jednorazowe</strong></li>
<li>Rodzaj: <span style=""text-decoration:line-through;"">oryginał</span>/ <strong>zamiennik</strong></li>
<li>Producent/dystrybutor: <strong>eOdkurzacz Polska</strong></li>
</ul>
<p> </p>
<p><strong>WORKI PASUJĄ DO MODELI:</strong></p>
<p>Naciśnij na klawiaturze Ctrl+F, a następnie wpisz model Twojego urządzenia lub produktu. Przeszukasz w ten sposób szybko listę kompatybilności znajdującą się poniżej.</p>
<p><em><strong>FESTOOL :</strong></em></p>
<ul>
<li>CT17E </li>
<li>CT 17E </li>
<li>CT 17 E</li>
</ul>
<p><em><strong>PROTOOL:</strong></em></p>
<ul>
<li>VCP170E </li>
<li>VCP 170E</li>
<li>VCP 171 E-L / VCP171 </li>
<li>VCP 320 E / VCP320E </li>
<li>VCP 321 E-L / VCP321</li>
</ul>
<p> </p></div>";;Worki do odkurzacza Festool CT17E Protool VCP170E;Worki do odkurzacza Festool CT17E Protool VCP170E;Worki do odkurzacza Festool CT17E Protool VCP170E;Worki do odkurzacza Festool CT17E Protool VCP170E;in stock;Current supply. Ordering availlable;1;;;1;../../images_low/Worki do odkurzacza Festool CT17E Protool VCP170E.jpg,../../images_high/Worki do odkurzacza Festool CT17E Protool VCP170E.jpg;Worki do odkurzacza Festool CT17E Protool VCP170E,Worki do odkurzacza Festool CT17E Protool VCP170E;1;;0;new;0;0;0;0;0;;;;;0;0;0;0;
;1;Worki do odkurzacza Festool CTL-SYS;Odkurzacze przemysłowe;25.00zł;4;;1;;;;;;;;4ekTech;;;;0;;;;;;;4;1;0;0;;0;;;;"<div class=""resetcss"" itemprop=""description""><div id=""user_opis_produktu"">
<div class=""f-row"">
<div class=""f-grid-12 naglowek_opis"">Nazwa produktu</div>
</div>
<div class=""f-row"">
<h2 class=""f-grid-6""><span style=""font-size: 18pt;"">Worki do odkurzacza Festool CTL-SYS</span></h2>
<div class=""f-grid-6""></div>
</div>
<div class=""f-row"">
<div class=""f-grid-12 naglowek_opis"">Opis worków</div>
</div>
<div class=""f-row"">
<div class=""f-grid-6""></div>
<div class=""f-grid-6"">
<p style=""text-align: left;"">Worki z <strong>mikrowłókna</strong> naszej produkcji są wykonane z tworzywa sztucznego, hipoalergicznego. </p>
<p style=""text-align: left;"">Charakteryzują się tym, że są bardziej higieniczne, antybakteryjne dzięki czemu są <strong>bezpieczne w stosowaniu</strong> także przy małych dzieciach. </p>
<p style=""text-align: left;"">Zapewniają <strong>najwyższy poziom wytrzymałości</strong>, nawet gdy przez dłuższy czas będziemy odkurzali przy zapełnionym worku. </p>
<p style=""text-align: left;"">Materiał, z którego są wykonane, jest <strong>bardzo solidny.</strong> Worki nie przepuszczają pyłów, kurzu i roztoczy. </p>
<p style=""text-align: left;"">Doskonale przylegają do wlotu odkurzacza, dzięki czemu <strong>nie przepuszczają żadnych zanieczyszczeń</strong> na łączeniach. </p>
<p style=""text-align: left;"">Użyta technologia nowoczesnego mikrowłókna, powoduje, iż nasze worki <strong>wspaniale dopasowują się do wnętrza odkurzacza</strong> i zapełniają się do 100% swojej pojemności.</p>
</div>
</div>
<div class=""f-row"">
<div class=""f-grid-12 naglowek_opis"">Materiał worka</div>
</div>
<div class=""f-row"">
<div class=""f-grid-6"">
<p style=""text-align: left;""><strong>Mikrofibra</strong>, czyli materiał, z którego worek jest wykonany daje gwarancję trwałości i niezawodności. <strong>Mikrowłókna</strong> skutecznie eliminują kurz i szkodliwe alergeny. </p>
</div>
<div class=""f-grid-6""></div>
</div>
<div class=""f-row"">
<div class=""f-grid-12 naglowek_opis"">Brzegi worka</div>
</div>
<div class=""f-row"">
<div class=""f-grid-6""></div>
<div class=""f-grid-6"">
<p style=""text-align: left;"">Brzegi worka są <strong>zgrzewane</strong>, dzięki czemu worek jest wyjątkowo odporny na rozrywanie.</p>
</div>
</div>
<div class=""f-row"">
<div class=""f-row"">
<div class=""f-grid-12 naglowek_opis"">Specyfikacja techniczna</div>
</div>
<div class=""f-row"">
<div class=""f-grid-6"">
<p><strong>Specyfikacja techniczna worków:</strong></p>
<ul>
<li>Ilość sztuk: <strong>5</strong> </li>
<li>Rodzaj mocowania: <strong>kartonowe</strong></li>
<li>Rodzaj łączenia: <strong>zgrzewane mechanicznie </strong></li>
<li>Opakowanie: <strong>folia</strong></li>
<li>Filtr w opakowaniu:<strong> </strong><strong>nie</strong></li>
<li>Materiał: <strong>mikrofibra</strong></li>
<li>Kolor: <strong>biały</strong></li>
<li>Typ: <strong>worki jednorazowe</strong></li>
<li>Rodzaj: <span style=""text-decoration: line-through;"">oryginał</span>/ <strong>zamiennik</strong></li>
<li>Producent/dystrybutor: <strong>eOdkurzacz Polska</strong></li>
</ul>
</div>
<div class=""f-grid-6""></div>
</div>
<div class=""f-row"">
<div class=""f-grid-12 naglowek_opis"">Rysunek techniczny</div>
</div>
<div class=""f-row"">
<div class=""f-grid-12"" style=""text-align: center;""></div>
</div>
<div class=""f-row"">
<div class=""f-grid-12 naglowek_opis"">Pasują do</div>
</div>
<div class=""f-row"">
<div class=""f-grid-12"" style=""text-align: center;"">
<p style=""text-align: left;""><strong>PASUJĄ DO MODELI</strong></p>
<p style=""text-align: left;"">Alternatywa dla oryginalnego numeru <strong>500438 SC-FIS-CT SYS / 5</strong></p>
</div>
</div>
</div>
</div></div>";;Worki do odkurzacza Festool CTL-SYS;Worki do odkurzacza Festool CTL-SYS;Worki do odkurzacza Festool CTL-SYS;Worki do odkurzacza Festool CTL-SYS;in stock;Current supply. Ordering availlable;1;;;1;../../images_low/Worki do odkurzacza Festool CTL-SYS.jpg,../../images_high/Worki do odkurzacza Festool CTL-SYS.jpg;Worki do odkurzacza Festool CTL-SYS,Worki do odkurzacza Festool CTL-SYS;1;;0;new;0;0;0;0;0;;;;;0;0;0;0;
;1;Worki do odkurzacza Festool SC-FIS-CT Midi;Odkurzacze przemysłowe;35.00zł;4;;1;;;;;;;;Worki4You;;;;0;;;;;;;1;1;0;0;;0;;;;"<div class=""resetcss"" itemprop=""description""><h2><strong>Worki do odkurzacza Festool SC-FIS-CT Midi</strong></h2>
<p>Worki z <strong>mikrowłókna</strong> naszej produkcji są wykonane z tworzywa sztucznego, hipoalergicznego.<br/>Charakteryzują się tym że są bardziej <strong>higieniczne</strong>, <strong>antybakteryjne</strong> dzięki czemu są <strong>bezpieczne</strong> w stosowaniu także przy małych dzieciach.<br/>Zapewniają <strong>najwyższy poziom wytrzymałości</strong>, nawet gdy przez dłuższy czas będziemy odkurzali przy zapełnionym worku.<br/>Materiał, z którego są wykonane, jest bardzo <strong>solidny</strong>.<br/><strong>Nie przepuszczają</strong> pyłów, kurzu i roztoczy.<br/>Dzięki zastosowaniu twardego tekturowego mocowania z gumowym obrzeżem worki doskonale przylegają do wlotu odkurzaczy i nie przepuszczają żadnych zanieczyszczeń na łączeniach i po bokach.<br/>Dzięki użytej <strong>technologii nowoczesnego mikrowłókna</strong> nasze worki są miękkie i wspaniale dopasowują się do wnętrza pojemnika odkurzacza  zapełniając się do końca swojej pojemności. </p>
<p> <strong>SPECYFIKACJA TECHNICZNEA WORKA</strong></p>
<ul>
<li>Długość worka <strong>585 [mm]</strong></li>
<li>Szerokość worka <strong>240 [mm]</strong></li>
<li>Średnica wlotu <strong>62 [mm]</strong></li>
<li>Ilość sztuk: <strong>5</strong></li>
<li>Rodzaj mocowania: <strong>karton</strong></li>
<li>Rodzaj łączenia: <strong>zgrzewane mechanicznie</strong></li>
<li>Opakowanie: <strong>folia</strong></li>
<li>Filtr w opakowaniu: <strong>nie</strong> </li>
<li>Materiał: <strong>mikrowłókno</strong></li>
<li>Kolor: <strong>biały</strong></li>
<li>Typ: <strong>worki jednorazowe</strong></li>
<li>Rodzaj: <span style=""text-decoration: line-through;"">oryginał</span>/ <strong>zamiennik</strong></li>
<li>Producent/dystrybutor:<strong> eOdkurzacz Polska</strong></li>
</ul>
<p><strong>WORKI PODOBNE JAK NUMERY ORYGINALNE</strong></p>
<ul>
<li>456 772 / 498411</li>
<li>CT / CTL</li>
<li>MINI / MIDI</li>
</ul>
<p><strong>PASUJĄ DO MODELI</strong></p>
<p>Naciśnij na klawiaturze Ctrl+F, a następnie wpisz model Twojego urządzenia lub produktu. Przeszukasz w ten sposób szybko listę kompatybilności znajdującą się poniżej.</p>
<p><em><strong>FESTOOL</strong></em></p>
<ul>
<li>CT</li>
<li>CTL</li>
<li>MINI</li>
<li>MIDI</li>
<li>SC-FIS-CT MIDI</li>
</ul></div>";;Worki do odkurzacza Festool SC-FIS-CT Midi;Worki do odkurzacza Festool SC-FIS-CT Midi;Worki do odkurzacza Festool SC-FIS-CT Midi;Worki do odkurzacza Festool SC-FIS-CT Midi;in stock;Current supply. Ordering availlable;1;;;1;../../images_low/Worki do odkurzacza Festool SC-FIS-CT Midi.jpg,../../images_high/Worki do odkurzacza Festool SC-FIS-CT Midi.jpg;Worki do odkurzacza Festool SC-FIS-CT Midi,Worki do odkurzacza Festool SC-FIS-CT Midi;1;;0;new;0;0;0;0;0;;;;;0;0;0;0;
